dup_id,dup_name,dup_src,dup_works,dup_events,dup_curated,dup_q,canon_id,canon_name,canon_src,canon_works,canon_curated,canon_q,inter_rel,conf
zhou-ping-wang,周平王,shiji-kb,0,0,0,35,dong-zhou-ping-wang,东周平王,shiji-kb,0,0,38,,MED
dong-zhou-nan-wang,东周赧王,shiji-kb,0,0,0,28,wang-nan,王赧,shiji-kb,0,0,33,,MED
dong-zhou-li-wang,东周釐王,shiji-kb,0,0,0,26,zhou-li-wang-2,周釐王,shiji-kb,0,0,29,,MED
yu-shan,馀善,shiji-kb,0,0,0,33,dong-yue-wang---zi-cheng-wu-di,东越王（自称武帝）,shiji-kb,0,0,35,,MED
liu-rong,刘荣,shiji-kb,0,0,0,25,lin-jiang-wang,临江王,shiji-kb,0,0,41,,MED
lin-jiang-min-wang,临江闵王,shiji-kb,0,0,0,19,lin-jiang-wang,临江王,shiji-kb,0,0,41,,MED
dan-zhu,丹朱,shiji-kb,0,0,0,19,dan-zhu-2,丹硃,shiji-kb,0,0,39,,MED
yi-di,义帝,shiji-kb,0,0,0,36,chu-huai-wang,楚怀王,shiji-kb,0,0,49,,MED
wu-li-2,五利,shiji-kb,0,0,0,34,luan-da,栾大,shiji-kb,0,0,42,,MED
jie-zi-tui,介子推,shiji-kb,0,0,0,23,jie-zhi-tui,介之推,shiji-kb,0,0,36,,MED
dai-wang,代王,shiji-kb,0,0,0,30,chen-yu,陈余,shiji-kb,0,0,40,,MED
ling-yin-zi-xi,令尹子西,shiji-kb,0,0,0,29,zi-xi-3,子西,shiji-kb,0,0,39,,MED
ya-yong,厓雍,shiji-kb,0,0,0,19,zhong-gong,仲弓,shiji-kb,0,0,35,,MED
zi-lu,子路,shiji-kb,0,0,0,41,zhong-you,仲由,shiji-kb,0,0,48,,MED
ren-shao-qing,任少卿,shiji-kb,0,0,0,24,renan,任安,json,1,1,,,HIGH
yi-ji-qian,伊即靬,shiji-kb,0,0,0,21,yi-ji-xuan,伊即轩,shiji-kb,0,0,34,,MED
a-heng,阿衡,shiji-kb,0,0,0,21,yi-yin,伊尹,shiji-kb,0,0,47,,MED
bo-yi-shu-qi,伯夷叔齐,shiji-kb,0,0,0,36,bo-yi,伯夷,shiji-kb,0,0,43,,MED
bo-yi-shu-qi,伯夷叔齐,shiji-kb,0,0,0,36,shu-qi,叔齐,shiji-kb,0,0,46,,MED
hou-sheng,侯生,shiji-kb,0,0,0,38,hou-ying,侯嬴,shiji-kb,0,0,45,,MED
xin-ling-jun,信陵君,shiji-kb,0,0,0,46,wei-wu-ji,魏无忌,shiji-kb,0,0,47,,MED
fu-jia,甫假,shiji-kb,0,0,0,25,fu-xia,傅瑕,shiji-kb,0,0,29,,MED
gong-yi-zi,公仪子,shiji-kb,0,0,0,19,gong-yi-xiu,公仪休,shiji-kb,0,0,37,,MED
zi-zhang-2,子长,shiji-kb,0,0,0,23,gong-ye-zhang,公冶长,shiji-kb,0,0,38,,MED
gong-shu-cuo,公叔痤,shiji-kb,0,0,0,33,gong-shu-zuo,公叔座,shiji-kb,0,0,42,,MED
he-lv,阖闾,shiji-kb,0,0,0,30,gong-zi-guang,公子光,shiji-kb,0,0,39,,MED
gong-zi-yu,公子圉,shiji-kb,0,0,0,34,jin-huai-gong,晋怀公,shiji-kb,0,0,40,,MED
an-yang-jun,安阳君,shiji-kb,0,0,0,24,gong-zi-zhang,公子章,shiji-kb,0,0,33,,MED
ji-ci,季次,shiji-kb,0,0,0,24,gong-xi-ai,公皙哀,shiji-kb,0,0,34,,MED
zi-hua,子华,shiji-kb,0,0,0,21,gong-xi-hua,公西华,shiji-kb,0,0,29,,MED
gong-xi-chi,公西赤,shiji-kb,0,0,0,19,gong-xi-hua,公西华,shiji-kb,0,0,29,,MED
zi-you,子有,shiji-kb,0,0,0,22,ran-qiu,冉求,shiji-kb,0,0,37,,MED
mo-du-chan-yu,冒顿单于,shiji-kb,0,0,0,37,mo-du,冒顿,shiji-kb,0,0,43,,MED
feng-wang-sun,冯王孙,shiji-kb,0,0,0,22,feng-sui,冯遂,shiji-kb,0,0,32,,MED
xing-ju,兴居,shiji-kb,0,0,0,26,liu-xing-ju,刘兴居,shiji-kb,0,0,46,,MED
tai-shang-huang,太上皇,shiji-kb,0,0,0,31,liu-tai-gong,刘太公,shiji-kb,0,0,36,,MED
zhao-yin-wang,赵隐王,shiji-kb,0,0,0,24,liu-ru-yi,刘如意,shiji-kb,0,0,47,,MED
zhang-gong-zhu,长公主,shiji-kb,0,0,0,27,liu-piao,刘嫖,shiji-kb,0,0,43,,MED
huai-nan-wang,淮南王,shiji-kb,0,0,0,30,liu-an,刘安,shiji-kb,0,0,45,,MED
ding-guo,定国,shiji-kb,0,0,0,28,liu-ding-guo,刘定国,shiji-kb,0,0,36,,MED
de-hou,德侯,shiji-kb,0,0,0,23,liu-guang,刘广,shiji-kb,0,0,38,,MED
zhao-jing-su-wang,赵敬肃王,shiji-kb,0,0,0,20,liu-peng-zu,刘彭祖,shiji-kb,0,0,41,,MED
yan-wang-dan,燕王旦,shiji-kb,0,0,0,22,liudan,刘旦,json,7,1,,,HIGH
liu-wu-2,刘武,shiji-kb,0,0,0,46,liang-xiao-wang,梁孝王,shiji-kb,0,0,48,,MED
cheng-yang-jing-wang,城阳景王,shiji-kb,0,0,0,22,liuzhang,刘章,json,3,1,,,HIGH
liu-fei,刘肥,shiji-kb,0,0,0,41,qi-dao-hui-wang,齐悼惠王,shiji-kb,0,0,47,,MED
shun,舜,shiji-kb,0,0,0,45,liu-shun,刘舜,shiji-kb,0,0,46,,MED
di-shun,帝舜,shiji-kb,0,0,0,28,liu-shun,刘舜,shiji-kb,0,0,46,,MED
yu-shun,虞舜,shiji-kb,0,0,0,25,liu-shun,刘舜,shiji-kb,0,0,46,,MED
zhao-wang-sui,赵王遂,shiji-kb,0,0,0,21,liu-sui,刘遂,shiji-kb,0,0,43,,MED
han-gao-zu,汉高祖,shiji-kb,0,0,0,29,liubang,刘邦,json,2,1,,,HIGH
liu-zhang,刘长,shiji-kb,0,0,0,46,huai-nan-li-wang,淮南厉王,shiji-kb,0,0,47,,MED
xiong-nu-chan-yu-tou-man,匈奴单于头曼,shiji-kb,0,0,0,25,tou-man,头曼,shiji-kb,0,0,32,,MED
mi-rong,羋戎,shiji-kb,0,0,0,23,hua-yang-jun,华阳君,shiji-kb,0,0,36,,MED
zhuo-shi,卓氏,shiji-kb,0,0,0,19,zhuo-wang-sun,卓王孙,shiji-kb,0,0,43,,MED
zi-rong,子容,shiji-kb,0,0,0,23,nan-gong-kuo,南宫括,shiji-kb,0,0,38,,MED
nan-yue-ming-wang,南越明王,shiji-kb,0,0,0,20,ying-qi,婴齐,shiji-kb,0,0,33,,MED
zi-xia,子夏,shiji-kb,0,0,0,38,bo-shang,卜商,shiji-kb,0,0,46,,MED
bo-zi-xia,卜子夏,shiji-kb,0,0,0,19,bo-shang,卜商,shiji-kb,0,0,46,,MED
tai-zi-ji,太子伋,shiji-kb,0,0,0,35,wei-tai-zi-ji,卫太子伋,shiji-kb,0,0,41,,MED
wei-huang-hou,卫皇后,shiji-kb,0,0,0,24,wei-zi-fu,卫子夫,shiji-kb,0,0,43,,MED
zi-fu-3,子夫,shiji-kb,0,0,0,24,wei-zi-fu,卫子夫,shiji-kb,0,0,43,,MED
kang-shu,康叔,shiji-kb,0,0,0,38,wei-kang-shu,卫康叔,shiji-kb,0,0,47,,MED
zhen-bo,贞伯,shiji-kb,0,0,0,20,wei-zhen-bo,卫贞伯,shiji-kb,0,0,29,,MED
wei-jiang-jun,卫将军,shiji-kb,0,0,0,20,author_25303,卫青,json,1,1,,,HIGH
bo-niu,伯牛,shiji-kb,0,0,0,19,ya-bo-niu,厓伯牛,shiji-kb,0,0,35,,MED
ya-geng,厓耕,shiji-kb,0,0,0,22,ya-bo-niu,厓伯牛,shiji-kb,0,0,35,,MED
zhao-gong,召公,shiji-kb,0,0,0,39,zhao-gong-shi,召公奭,shiji-kb,0,0,46,,MED
zhao-gong,召公,shiji-kb,0,0,0,39,yan-zhao-gong,燕召公,shiji-kb,0,0,45,,MED
zhao-kang-gong,召康公,shiji-kb,0,0,0,20,zhao-gong-shi,召公奭,shiji-kb,0,0,46,,MED
shen-zhu-liang,沈诸梁,shiji-kb,0,0,0,23,ye-gong,叶公,shiji-kb,0,0,33,,MED
si-ma-zhang-qing,司马长卿,shiji-kb,0,0,0,23,simaxiangru,司马相如,json,3,1,,,HIGH
zhang-qing,长卿,shiji-kb,0,0,0,20,simaxiangru,司马相如,json,3,1,,,HIGH
quan-zi,犬子,shiji-kb,0,0,0,25,simaxiangru,司马相如,json,3,1,,,HIGH
rang-ju,穰苴,shiji-kb,0,0,0,23,si-ma-rang-ju,司马穰苴,shiji-kb,0,0,46,,MED
si-ma-tan,司马谈,shiji-kb,0,0,0,39,tai-shi-gong,太史公,shiji-kb,0,0,40,,MED
tai-shi-gong,太史公,shiji-kb,0,0,0,40,simaqian,司马迁,json,1,1,,,HIGH
zi-zhang-2,子长,shiji-kb,0,0,0,23,simaqian,司马迁,json,1,1,,,HIGH
tai-gong-wang,太公望,shiji-kb,0,0,0,43,lv-shang,吕尚,shiji-kb,0,0,48,,MED
zhou-lv-hou,周吕侯,shiji-kb,0,0,0,23,lv-ze,吕泽,shiji-kb,0,0,36,,MED
tai-bo,太伯,shiji-kb,0,0,0,39,wu-tai-bo,吴太伯,shiji-kb,0,0,46,,MED
wushu3,吴叔,json,1,0,1,,wuguang2,吴广,json,1,1,,,LOW
wu-wang-liu-bi,吴王刘濞,shiji-kb,0,0,0,41,liu-bi,刘濞,shiji-kb,0,0,47,,MED
wu-wang-bi,吴王濞,shiji-kb,0,0,0,39,wu-wang-liu-bi,吴王刘濞,shiji-kb,0,0,41,,MED
shou-meng,寿梦,shiji-kb,0,0,0,24,wu-wang-shou-meng,吴王寿梦,shiji-kb,0,0,31,,MED
wu-wang-bi,吴王濞,shiji-kb,0,0,0,39,liu-bi,刘濞,shiji-kb,0,0,47,,MED
gong-zi-guang,公子光,shiji-kb,0,0,0,39,wu-wang-he-lv,吴王阖闾,shiji-kb,0,0,47,,MED
he-lv,阖闾,shiji-kb,0,0,0,30,wu-wang-he-lv,吴王阖闾,shiji-kb,0,0,47,,MED
ji-he-lu,姬阖庐,shiji-kb,0,0,0,22,wu-wang-he-lv,吴王阖闾,shiji-kb,0,0,47,,MED
po-jun,鄱君,shiji-kb,0,0,0,21,wu-rui,吴芮,shiji-kb,0,0,36,,MED
wu-rui,吴芮,shiji-kb,0,0,0,36,heng-shan-wang,衡山王,shiji-kb,0,0,46,,MED
chang-sha-wang,长沙王,shiji-kb,0,0,0,22,wu-rui,吴芮,shiji-kb,0,0,36,,MED
tiao-hou,条侯,shiji-kb,0,0,0,24,zhou-ya-fu,周亚夫,shiji-kb,0,0,47,,MED
jiang-hou,绛侯,shiji-kb,0,0,0,24,zhou-bo,周勃,shiji-kb,0,0,48,,MED
li-wang-hu,厉王胡,shiji-kb,0,0,0,20,zhou-li-wang,周厉王,shiji-kb,0,0,48,,MED
gu-gong-dan-fu,古公亶父,shiji-kb,0,0,0,25,zhou-tai-wang,周太王,shiji-kb,0,0,44,,MED
tai-wang,太王,shiji-kb,0,0,0,27,zhou-tai-wang,周太王,shiji-kb,0,0,44,,MED
gu-gong,古公,shiji-kb,0,0,0,21,zhou-tai-wang,周太王,shiji-kb,0,0,44,,MED
zhou-ding-gong,周定公,shiji-kb,0,0,0,28,zhou-gong,周公,shiji-kb,0,0,43,,MED
zhou-zi,周子,shiji-kb,0,0,0,22,zhouchang2,周昌,json,1,1,,,HIGH
tang-mei,唐昧,shiji-kb,0,0,0,22,tang-mei-2,唐眛,shiji-kb,0,0,39,,MED
cheng-tang,成汤,shiji-kb,0,0,0,24,shang-tang,商汤,shiji-kb,0,0,38,,MED
zi-mu,子木,shiji-kb,0,0,0,22,shang-qu,商瞿,shiji-kb,0,0,31,,MED
di-zhou,帝纣,shiji-kb,0,0,0,28,shang-zhou-wang,商纣王,shiji-kb,0,0,39,,MED
nang-wa,囊瓦,shiji-kb,0,0,0,33,zi-chang,子常,shiji-kb,0,0,34,,MED
cheng-yang-dai-wang,城阳戴王,shiji-kb,0,0,0,28,liu-hui,刘恢,shiji-kb,0,0,32,,MED
mo-di,墨翟,shiji-kb,0,0,0,28,author_25284,墨子,json,1,1,,,HIGH
xia-hou-di-qi,夏后帝启,shiji-kb,0,0,0,36,qi,启,shiji-kb,0,0,39,,MED
ye-lang-hou---ye-lang-wang,夜郎侯（夜郎王）,shiji-kb,0,0,0,22,duo-tong,多同,shiji-kb,0,0,31,,MED
qi-tai-gong,齐太公,shiji-kb,0,0,0,22,tai-gong-wang,太公望,shiji-kb,0,0,43,,MED
yan-tai-zi,燕太子,shiji-kb,0,0,0,20,tai-zi-dan,太子丹,shiji-kb,0,0,46,,MED
e-bo,阏伯,shiji-kb,0,0,0,19,qi-2,契,shiji-kb,0,0,39,,MED
gou-jian,勾践,shiji-kb,0,0,0,44,si-ju-jian,姒句践,shiji-kb,0,0,48,,MED
wu-wang-liao,吴王僚,shiji-kb,0,0,0,36,ji-liao,姬僚,shiji-kb,0,0,45,,MED
yan-wang-kuai,燕王哙,shiji-kb,0,0,0,31,ji-kuai,姬哙,shiji-kb,0,0,35,,MED
zhou-gong,周公,shiji-kb,0,0,0,43,ji-dan,姬旦,shiji-kb,0,0,49,,MED
wei-zhuang-gong,卫庄公,shiji-kb,0,0,0,38,ji-kuai-kui,姬蒯聩,shiji-kb,0,0,38,,MED
ji-kuai-kui,姬蒯聩,shiji-kb,0,0,0,38,kuai-kui,蒯聩,shiji-kb,0,0,39,,MED
zhuan-sun-shi,颛孙师,shiji-kb,0,0,0,20,zi-zhang,子张,shiji-kb,0,0,43,,MED
yan-yan,言偃,shiji-kb,0,0,0,20,zi-you-2,子游,shiji-kb,0,0,35,,MED
si-cheng-zi-han,司城子罕,shiji-kb,0,0,0,19,zi-han,子罕,shiji-kb,0,0,30,,MED
gao-chai,高柴,shiji-kb,0,0,0,20,zi-gao,子羔,shiji-kb,0,0,33,,MED
sun-wen-zi,孙文子,shiji-kb,0,0,0,20,sun-lin-fu,孙林父,shiji-kb,0,0,37,,MED
tian-wen,田文,shiji-kb,0,0,0,47,meng-chang-jun,孟尝君,shiji-kb,0,0,47,,MED
meng-chang,孟尝,shiji-kb,0,0,0,25,meng-chang-jun,孟尝君,shiji-kb,0,0,47,,MED
meng-ming,孟明,shiji-kb,0,0,0,25,meng-ming-shi,孟明视,shiji-kb,0,0,40,,MED
gong-ji,公季,shiji-kb,0,0,0,22,ji-li,季历,shiji-kb,0,0,31,,MED
cheng-ji,成季,shiji-kb,0,0,0,27,ji-you,季友,shiji-kb,0,0,46,,MED
yan-ling-ji-zi,延陵季子,shiji-kb,0,0,0,25,ji-zha,季札,shiji-kb,0,0,46,,MED
wei-zi,微子,shiji-kb,0,0,0,28,song-wei-zi,宋微子,shiji-kb,0,0,46,,MED
zi-fu-2,兹甫,shiji-kb,0,0,0,22,song-xiang-gong,宋襄公,shiji-kb,0,0,47,,MED
zi-jian,子贱,shiji-kb,0,0,0,20,mi-bu-qi,宓不齐,shiji-kb,0,0,31,,MED
zai-wo,宰我,shiji-kb,0,0,0,20,zai-yu,宰予,shiji-kb,0,0,41,,MED
zi-wo,子我,shiji-kb,0,0,0,24,zai-yu,宰予,shiji-kb,0,0,41,,MED
qu-gai-2,屈匄,shiji-kb,0,0,0,27,qu-gai,屈丐,shiji-kb,0,0,36,,MED
di-kong-jia,帝孔甲,shiji-kb,0,0,0,28,kong-jia,孔甲,shiji-kb,0,0,30,,MED
di-ku,帝俈,shiji-kb,0,0,0,30,di-ku-2,帝喾,shiji-kb,0,0,46,,MED
zhuan-xu,颛顼,shiji-kb,0,0,0,42,di-zhuan-xu,帝颛顼,shiji-kb,0,0,46,,MED
chang-shan-xian-wang,常山宪王,shiji-kb,0,0,0,43,liu-shun,刘舜,shiji-kb,0,0,46,,MED
ping-yuan-jun,平原君,shiji-kb,0,0,0,47,zhao-sheng,赵胜,shiji-kb,0,0,48,,MED
ping-yang-gong-zhu,平阳公主,shiji-kb,0,0,0,28,ping-yang-zhu,平阳主,shiji-kb,0,0,37,,MED
qing-di,青翟,shiji-kb,0,0,0,24,zhuang-qing-di,庄青翟,shiji-kb,0,0,36,,MED
wang-qing-ji,王庆忌,shiji-kb,0,0,0,25,qing-ji,庆忌,shiji-kb,0,0,31,,MED
xin-ping-jun,信平君,shiji-kb,0,0,0,29,lian-po,廉颇,shiji-kb,0,0,49,,MED
zhang-wang,张王,shiji-kb,0,0,0,23,zhang-ao,张敖,shiji-kb,0,0,47,,MED
zhang-chu-chu-yin-wang,张楚楚隐王,shiji-kb,0,0,0,45,chen-she,陈涉,shiji-kb,0,0,46,,MED
zhang-chu-chu-yin-wang,张楚楚隐王,shiji-kb,0,0,0,45,chen-sheng-2,陈胜,shiji-kb,0,0,46,,MED
zhang-shu,张叔,shiji-kb,0,0,0,23,zhang-ou,张欧,shiji-kb,0,0,40,,MED
zi-fang,子房,shiji-kb,0,0,0,20,zhang-liang,张良,shiji-kb,0,0,52,,MED
wen-cheng-hou,文成侯,shiji-kb,0,0,0,27,zhang-liang,张良,shiji-kb,0,0,52,,MED
liu-hou,留侯,shiji-kb,0,0,0,27,zhang-liang,张良,shiji-kb,0,0,52,,MED
zhang-cang,张仓,shiji-kb,0,0,0,27,zhang-cang-2,张苍,shiji-kb,0,0,47,,MED
xu-shi,徐市,shiji-kb,0,0,0,23,xu-fu,徐福,shiji-kb,0,0,31,,MED
qi-ji-2,戚姬,shiji-kb,0,0,0,25,qifuren,戚夫人,json,1,1,,,HIGH
wen-cheng-jiang-jun,文成将军,shiji-kb,0,0,0,22,wen-cheng,文成,shiji-kb,0,0,40,,MED
shao-weng,少翁,shiji-kb,0,0,0,20,wen-cheng,文成,shiji-kb,0,0,40,,MED
da-fu-zhong,大夫种,shiji-kb,0,0,0,19,wen-zhong,文种,shiji-kb,0,0,46,,MED
chun-shen-jun,春申君,shiji-kb,0,0,0,46,huang-xie,黄歇,shiji-kb,0,0,47,,MED
zi-yu,子圉,shiji-kb,0,0,0,23,jin-huai-gong,晋怀公,shiji-kb,0,0,40,,MED
shou-man,寿曼,shiji-kb,0,0,0,23,jin-li-gong,晋厉公,shiji-kb,0,0,46,,MED
fu-ren,服人,shiji-kb,0,0,0,22,jin-cheng-hou,晋成侯,shiji-kb,0,0,29,,MED
yi-gao,夷皋,shiji-kb,0,0,0,24,jin-ling-gong,晋灵公,shiji-kb,0,0,47,,MED
gui-zhu,诡诸,shiji-kb,0,0,0,20,jin-xian-gong,晋献公,shiji-kb,0,0,47,,MED
fei-wang,费王,shiji-kb,0,0,0,19,jin-mu-hou,晋穆侯,shiji-kb,0,0,41,,MED
jin-e-hou,晋鄂侯,shiji-kb,0,0,0,36,e-hou,鄂侯,shiji-kb,0,0,36,,MED
yan-ping-zhong,晏平仲,shiji-kb,0,0,0,23,yan-ying,晏婴,shiji-kb,0,0,47,,MED
zhi-bo-yao,智伯瑶,shiji-kb,0,0,0,27,zhi-bo,智伯,shiji-kb,0,0,41,,MED
zhuang-bo,庄伯,shiji-kb,0,0,0,27,qu-wo-zhuang-bo,曲沃庄伯,shiji-kb,0,0,34,,MED
cao-xiang-guo,曹相国,shiji-kb,0,0,0,22,cao-can,曹参,shiji-kb,0,0,47,,MED
chao-xian-wang-wei-man,朝鲜王卫满,shiji-kb,0,0,0,27,wei-man,卫满,shiji-kb,0,0,33,,MED
chao-xian-wang-you-qu,朝鲜王右渠,shiji-kb,0,0,0,29,you-qu,右渠,shiji-kb,0,0,31,,MED
cao-zi,曹子,shiji-kb,0,0,0,20,cao-mo,曹沫,shiji-kb,0,0,46,,MED
zhu-mai-chen-2,硃买臣,shiji-kb,0,0,0,27,zhu-mai-chen,朱买臣,shiji-kb,0,0,35,,MED
zhu-hai-2,硃亥,shiji-kb,0,0,0,35,zhu-hai,朱亥,shiji-kb,0,0,41,,MED
zhu-jia-2,硃家,shiji-kb,0,0,0,27,zhu-jia,朱家,shiji-kb,0,0,42,,MED
zhu-jian,朱建,shiji-kb,0,0,0,33,ping-yuan-jun,平原君,shiji-kb,0,0,47,,MED
shao-jun,少君,shiji-kb,0,0,0,26,li-shao-jun,李少君,shiji-kb,0,0,41,,MED
li-jiang-jun,李将军,shiji-kb,0,0,0,25,li-guang,李广,shiji-kb,0,0,47,,MED
hai-xi-hou,海西侯,shiji-kb,0,0,0,24,li-guang-li,李广利,shiji-kb,0,0,46,,MED
yan-nian,延年,shiji-kb,0,0,0,28,liyannian,李延年,json,1,1,,,HIGH
li-kui,李悝,shiji-kb,0,0,0,31,li-ke,李克,shiji-kb,0,0,39,,MED
mei-sheng,枚生,shiji-kb,0,0,0,23,meicheng,枚乘,json,1,1,,,HIGH
luan-gong,栾公,shiji-kb,0,0,0,20,luan-bu,栾布,shiji-kb,0,0,46,,MED
hong-yang,弘羊,shiji-kb,0,0,0,24,sang-hong-yang,桑弘羊,shiji-kb,0,0,46,,MED
qu-wo-huan-shu,曲沃桓叔,shiji-kb,0,0,0,22,huan-shu,桓叔,shiji-kb,0,0,37,,MED
cheng-shi,成师,shiji-kb,0,0,0,27,huan-shu,桓叔,shiji-kb,0,0,37,,MED
liu-mai,刘买,shiji-kb,0,0,0,25,liang-gong-wang,梁共王,shiji-kb,0,0,33,,MED
liu-xiang,刘襄,shiji-kb,0,0,0,37,liang-ping-wang,梁平王,shiji-kb,0,0,40,,MED
liu-jiao,刘交,shiji-kb,0,0,0,26,chu-yuan-wang,楚元王,shiji-kb,0,0,47,,MED
chu-huai-wang-zheng-xiu,楚怀王郑袖,shiji-kb,0,0,0,23,zheng-xiu,郑袖,shiji-kb,0,0,46,,MED
yi-di,义帝,shiji-kb,0,0,0,36,chu-huai-wang---yi-di,楚怀王（义帝）,shiji-kb,0,0,40,,MED
chu-pan-chong,楚潘崇,shiji-kb,0,0,0,23,pan-chong,潘崇,shiji-kb,0,0,26,,MED
gong-zi-qi-ji,公子弃疾,shiji-kb,0,0,0,22,chu-ping-wang,楚平王,shiji-kb,0,0,47,,MED
qi-ji,弃疾,shiji-kb,0,0,0,24,chu-ping-wang,楚平王,shiji-kb,0,0,47,,MED
chu-xiong-shuang,楚熊霜,shiji-kb,0,0,0,25,xiong-shuang,熊霜,shiji-kb,0,0,27,,MED
gong-zi-wei-2,公子围,shiji-kb,0,0,0,22,chu-ling-wang,楚灵王,shiji-kb,0,0,47,,MED
liu-wu,刘戊,shiji-kb,0,0,0,25,chu-wang-liu-wu,楚王刘戊,shiji-kb,0,0,37,,MED
shang-chen,商臣,shiji-kb,0,0,0,32,chu-mu-wang,楚穆王,shiji-kb,0,0,46,,MED
di-wu-ding,帝武丁,shiji-kb,0,0,0,25,wu-ding,武丁,shiji-kb,0,0,40,,MED
chu-li-ji,樗里疾,shiji-kb,0,0,0,29,chu-li-zi,樗里子,shiji-kb,0,0,42,,MED
xiao-wu-di,孝武帝,shiji-kb,0,0,0,26,han-wu-di,汉武帝,shiji-kb,0,0,41,,MED
jiao-dong-wang,胶东王,shiji-kb,0,0,0,26,han-wu-di,汉武帝,shiji-kb,0,0,41,,MED
wu-xu-2,毋恤,shiji-kb,0,0,0,28,zhao-xiang-zi,赵襄子,shiji-kb,0,0,47,,MED
xiao-xuan,孝宣,shiji-kb,0,0,0,24,han-xuan-di,汉宣帝,shiji-kb,0,0,45,,MED
xuan-di,宣帝,shiji-kb,0,0,0,28,han-xuan-di,汉宣帝,shiji-kb,0,0,45,,MED
xiao-zhao,孝昭,shiji-kb,0,0,0,29,han-zhao-di,汉昭帝,shiji-kb,0,0,42,,MED
jiang-du-wang,江都王,shiji-kb,0,0,0,23,jiang-du-wang-liu-fei,江都王刘非,shiji-kb,0,0,31,,MED
jiang-du-yi-wang,江都易王,shiji-kb,0,0,0,28,jiang-du-wang-liu-fei,江都王刘非,shiji-kb,0,0,31,,MED
zhang-ru,长孺,shiji-kb,0,0,0,23,ji-an,汲黯,shiji-kb,0,0,47,,MED
he-jian-xian-wang,河间献王,shiji-kb,0,0,0,30,he-xian-xian-wang,河闲献王,shiji-kb,0,0,36,,MED
gong-zi-kui,公子悝,shiji-kb,0,0,0,20,jing-yang-jun,泾阳君,shiji-kb,0,0,41,,MED
ji-bei-wang-liu-zhi,济北王刘志,shiji-kb,0,0,0,33,liu-zhi,刘志,shiji-kb,0,0,38,,MED
ji-bei-wang,济北王,shiji-kb,0,0,0,29,ji-bei-wang-liu-zhi,济北王刘志,shiji-kb,0,0,33,,MED
ji-nan-wang,济南王,shiji-kb,0,0,0,24,ji-nan-wang-liu-pi-guang,济南王刘辟光,shiji-kb,0,0,33,,MED
hun-xie,浑邪,shiji-kb,0,0,0,23,hun-xie-wang-2,浑邪王,shiji-kb,0,0,45,,MED
dian-wang,滇王,shiji-kb,0,0,0,26,zhuang-jue,庄蹻,shiji-kb,0,0,33,,MED
liu-qian,刘迁,shiji-kb,0,0,0,33,huai-nan-tai-zi-qian,淮南太子迁,shiji-kb,0,0,37,,MED
zi-kai,子开,shiji-kb,0,0,0,19,qi-diao-kai,漆彫开,shiji-kb,0,0,34,,MED
zi-yu-3,子羽,shiji-kb,0,0,0,25,tan-tai-mie-ming,澹台灭明,shiji-kb,0,0,40,,MED
guan-jiang-jun,灌将军,shiji-kb,0,0,0,26,guan-ying,灌婴,shiji-kb,0,0,48,,MED
yan-kang-wang,燕康王,shiji-kb,0,0,0,30,liu-jia,刘嘉,shiji-kb,0,0,37,,MED
yan-zhao-gong,燕召公,shiji-kb,0,0,0,45,zhao-gong-shi,召公奭,shiji-kb,0,0,46,,MED
yan-tai-zi-dan,燕太子丹,shiji-kb,0,0,0,46,tai-zi-dan,太子丹,shiji-kb,0,0,46,,MED
tian-rong,田荣,shiji-kb,0,0,0,46,wang2,王,json,7,1,,,HIGH
jiu-fan,咎犯,shiji-kb,0,0,0,24,hu-yan-2,狐偃,shiji-kb,0,0,44,,MED
zi-fan-2,子犯,shiji-kb,0,0,0,23,hu-yan-2,狐偃,shiji-kb,0,0,44,,MED
gai-hou,盖侯,shiji-kb,0,0,0,22,wangxin,王信,json,9,1,,,HIGH
wang-tai-hou,王太后,shiji-kb,0,0,0,28,wang-zhi,王娡,shiji-kb,0,0,34,,MED
ning-yue,宁越,shiji-kb,0,0,0,19,ning-yue-2,甯越,shiji-kb,0,0,33,,MED
tian-guang-xian-sheng,田光先生,shiji-kb,0,0,0,23,tian-guang,田光,shiji-kb,0,0,46,,MED
jing-guo-jun,靖郭君,shiji-kb,0,0,0,22,tian-ying,田婴,shiji-kb,0,0,42,,MED
tian-cheng-zi,田成子,shiji-kb,0,0,0,27,tian-chang,田常,shiji-kb,0,0,48,,MED
zhou-yang-hou,周阳侯,shiji-kb,0,0,0,23,tian-sheng-2,田胜,shiji-kb,0,0,39,,MED
wu-an-hou,武安侯,shiji-kb,0,0,0,23,tian-fen,田蚡,shiji-kb,0,0,47,,MED
shen-zi,申子,shiji-kb,0,0,0,24,shen-bu-hai,申不害,shiji-kb,0,0,45,,MED
gong-tai-zi,恭太子,shiji-kb,0,0,0,25,shen-sheng,申生,shiji-kb,0,0,44,,MED
bai-gong-sheng,白公胜,shiji-kb,0,0,0,30,bai-gong,白公,shiji-kb,0,0,39,,MED
bai-li-xi,百里傒,shiji-kb,0,0,0,23,bai-li-xi-2,百里奚,shiji-kb,0,0,40,,MED
bo-yi-2,伯益,shiji-kb,0,0,0,21,yi,益,shiji-kb,0,0,37,,MED
bai-yi,柏翳,shiji-kb,0,0,0,26,yi,益,shiji-kb,0,0,37,,MED
zi-yu-6,子鱼,shiji-kb,0,0,0,20,mu-yi,目夷,shiji-kb,0,0,36,,MED
gu-sou,瞽瞍,shiji-kb,0,0,0,22,gu-sou-2,瞽叟,shiji-kb,0,0,35,,MED
zhi-bo-2,知伯,shiji-kb,0,0,0,39,xun-yao,荀瑶,shiji-kb,0,0,46,,MED
yan-di,炎帝,shiji-kb,0,0,0,25,shen-nong,神农,shiji-kb,0,0,40,,MED
an-guo-jun,安国君,shiji-kb,0,0,0,24,qin-xiao-wen-wang,秦孝文王,shiji-kb,0,0,46,,MED
zi-chu,子楚,shiji-kb,0,0,0,19,qin-zhuang-xiang-wang,秦庄襄王,shiji-kb,0,0,47,,MED
qin-wang,秦王,shiji-kb,0,0,0,26,qin-hui-wang,秦惠王,shiji-kb,0,0,47,,MED
qin-hui-wen-wang,秦惠文王,shiji-kb,0,0,0,24,qin-hui-wang,秦惠王,shiji-kb,0,0,47,,MED
qin-chu-li-ji,秦樗里疾,shiji-kb,0,0,0,25,chu-li-ji,樗里疾,shiji-kb,0,0,29,,MED
qin-zhao-wang,秦昭王,shiji-kb,0,0,0,46,qin-zhao-xiang-wang,秦昭襄王,shiji-kb,0,0,50,,MED
qin-mu-gong,秦穆公,shiji-kb,0,0,0,46,qin-mou-gong,秦缪公,shiji-kb,0,0,47,,MED
wei-ya,魏厓,shiji-kb,0,0,0,25,rang-hou,穰侯,shiji-kb,0,0,43,,MED
rang-hou,穰侯,shiji-kb,0,0,0,43,wei-ran,魏冉,shiji-kb,0,0,47,,MED
wei-qi-hou,魏其侯,shiji-kb,0,0,0,40,dou-ying,窦婴,shiji-kb,0,0,48,,MED
shao-jun,少君,shiji-kb,0,0,0,26,dou-guang-guo,窦广国,shiji-kb,0,0,38,,MED
guan-shu-xian,管叔鲜,shiji-kb,0,0,0,28,guan-shu,管叔,shiji-kb,0,0,44,,MED
nie-weng-yi,聂翁壹,shiji-kb,0,0,0,20,nie-yi,聂壹,shiji-kb,0,0,35,,MED
jiao-dong-kang-wang,胶东康王,shiji-kb,0,0,0,28,liu-ji,刘寄,shiji-kb,0,0,41,,MED
jiao-dong-wang,胶东王,shiji-kb,0,0,0,26,jiao-dong-wang-liu-xiong-qu,胶东王刘雄渠,shiji-kb,0,0,33,,MED
jiao-xi-wang,胶西王,shiji-kb,0,0,0,21,jiao-xi-wang-liu-ang,胶西王刘卬,shiji-kb,0,0,44,,MED
di-shun,帝舜,shiji-kb,0,0,0,28,shun,舜,shiji-kb,0,0,45,,MED
yu-shun,虞舜,shiji-kb,0,0,0,25,shun,舜,shiji-kb,0,0,45,,MED
qing-bu,黥布,shiji-kb,0,0,0,43,ying-bu,英布,shiji-kb,0,0,47,,MED
huai-nan-wang,淮南王,shiji-kb,0,0,0,30,ying-bu,英布,shiji-kb,0,0,47,,MED
ying-hou,应侯,shiji-kb,0,0,0,19,fan-sui,范睢,shiji-kb,0,0,46,,MED
tao-zhu,陶硃,shiji-kb,0,0,0,23,fan-li,范蠡,shiji-kb,0,0,47,,MED
fan-ju,范雎,shiji-kb,0,0,0,43,fan-sui,范睢,shiji-kb,0,0,46,,MED
ying-hou,应侯,shiji-kb,0,0,0,19,fan-ju,范雎,shiji-kb,0,0,43,,MED
zhi-bo,智伯,shiji-kb,0,0,0,41,xun-yao,荀瑶,shiji-kb,0,0,46,,MED
rong-gong,荣公,shiji-kb,0,0,0,19,rong-yi-gong,荣夷公,shiji-kb,0,0,38,,MED
zai-chuan-wang,菑川王,shiji-kb,0,0,0,21,zai-chuan-wang-liu-xian,菑川王刘贤,shiji-kb,0,0,33,,MED
dong-sheng,董生,shiji-kb,0,0,0,22,dong-zhong-shu,董仲舒,shiji-kb,0,0,43,,MED
di-wang,翟王,shiji-kb,0,0,0,24,dong-yi,董翳,shiji-kb,0,0,36,,MED
kui-kui,蒉聩,shiji-kb,0,0,0,35,wei-zhuang-gong,卫庄公,shiji-kb,0,0,38,,MED
wei-zhuang-gong,卫庄公,shiji-kb,0,0,0,38,kuai-kui,蒯聩,shiji-kb,0,0,39,,MED
cai-ping-hou-lu,蔡平侯庐,shiji-kb,0,0,0,22,cai-ping-hou,蔡平侯,shiji-kb,0,0,31,,MED
bao-ji,薄姬,shiji-kb,0,0,0,40,bao-tai-hou,薄太后,shiji-kb,0,0,46,,MED
shi-fu-2,石父,shiji-kb,0,0,0,25,guo-shi-fu,虢石父,shiji-kb,0,0,37,,MED
bao-si-2,襃姒,shiji-kb,0,0,0,37,bao-si,褒姒,shiji-kb,0,0,40,,MED
zhou-you-wang,周幽王,shiji-kb,0,0,0,40,xi-zhou-you-wang,西周幽王,shiji-kb,0,0,45,,MED
di-tai-hou,帝太后,shiji-kb,0,0,0,19,zhao-ji,赵姬,shiji-kb,0,0,34,,MED
zhao-wang,赵王,shiji-kb,0,0,0,28,zhao-xiao-cheng-wang,赵孝成王,shiji-kb,0,0,46,,MED
zhao-yan,赵偃,shiji-kb,0,0,0,19,zhao-dao-xiang-wang,赵悼襄王,shiji-kb,0,0,40,,MED
zhao-zhong,赵种,shiji-kb,0,0,0,22,zhao-cheng-hou,赵成侯,shiji-kb,0,0,43,,MED
ma-fu-zi,马服子,shiji-kb,0,0,0,22,zhao-kuo,赵括,shiji-kb,0,0,47,,MED
zhao-wu-2,赵武,shiji-kb,0,0,0,45,zhao-wen-zi,赵文子,shiji-kb,0,0,46,,MED
zhao-ji-4,赵籍,shiji-kb,0,0,0,20,zhao-lie-hou,赵烈侯,shiji-kb,0,0,43,,MED
zhao-wang,赵王,shiji-kb,0,0,0,28,wu-chen-2,武臣,shiji-kb,0,0,40,,MED
zhao-wang-liu-sui,赵王刘遂,shiji-kb,0,0,0,37,liu-sui,刘遂,shiji-kb,0,0,43,,MED
zhao-wang-sui,赵王遂,shiji-kb,0,0,0,21,zhao-wang-liu-sui,赵王刘遂,shiji-kb,0,0,37,,MED
zhao-xie,赵歇,shiji-kb,0,0,0,39,zhao-wang-xie,赵王歇,shiji-kb,0,0,44,,MED
zhao-wang---zhao-jing-su-wang,赵王（赵敬肃王）,shiji-kb,0,0,0,24,liu-peng-zu,刘彭祖,shiji-kb,0,0,41,,MED
zhao-xuan-meng,赵宣孟,shiji-kb,0,0,0,19,zhao-dun,赵盾,shiji-kb,0,0,46,,MED
zhuo-ye-hou,浞野侯,shiji-kb,0,0,0,28,zhao-po-nu,赵破奴,shiji-kb,0,0,40,,MED
nan-yue-wen-wang,南越文王,shiji-kb,0,0,0,24,zhao-hu-3,赵胡,shiji-kb,0,0,30,,MED
zi-yu-5,子馀,shiji-kb,0,0,0,24,zhao-shuai,赵衰,shiji-kb,0,0,46,,MED
cheng-ji,成季,shiji-kb,0,0,0,27,zhao-shuai,赵衰,shiji-kb,0,0,46,,MED
yue-wang-ju-jian,越王句践,shiji-kb,0,0,0,36,gou-jian,勾践,shiji-kb,0,0,44,,MED
shi-fu-2,石父,shiji-kb,0,0,0,25,yue-shi-fu,越石父,shiji-kb,0,0,30,,MED
zou-shi-2,驺奭,shiji-kb,0,0,0,25,zou-shi,邹奭,shiji-kb,0,0,33,,MED
zou-ji-2,驺忌,shiji-kb,0,0,0,22,zou-ji,邹忌,shiji-kb,0,0,41,,MED
zou-yan,驺衍,shiji-kb,0,0,0,24,author_25294,邹衍,json,1,1,,,HIGH
zou-zi,驺子,shiji-kb,0,0,0,20,author_25294,邹衍,json,1,1,,,HIGH
zheng-zi-wei,郑子亹,shiji-kb,0,0,0,23,zi-wei,子亹,shiji-kb,0,0,26,,MED
zheng-zhuang,郑庄,shiji-kb,0,0,0,33,zheng-dang-shi,郑当时,shiji-kb,0,0,46,,MED
wu-sheng,寤生,shiji-kb,0,0,0,20,zheng-zhuang-gong,郑庄公,shiji-kb,0,0,43,,MED
xi-fu-ji,僖负羁,shiji-kb,0,0,0,23,li-fu-ji,釐负羁,shiji-kb,0,0,38,,MED
zhong-li-mei-3,锺离眛,shiji-kb,0,0,0,25,zhong-li-mei-2,钟离眛,shiji-kb,0,0,34,,MED
zhong-li-mei-2,钟离眛,shiji-kb,0,0,0,34,zhong-li-mei,钟离昧,shiji-kb,0,0,35,,MED
min-sun,闵损,shiji-kb,0,0,0,19,min-zi-qian,闵子骞,shiji-kb,0,0,38,,MED
zi-qian,子骞,shiji-kb,0,0,0,19,min-zi-qian,闵子骞,shiji-kb,0,0,38,,MED
min-yue-wang,闽越王,shiji-kb,0,0,0,20,wu-zhu-2,无诸,shiji-kb,0,0,31,,MED
yang-sheng-2,阳生,shiji-kb,0,0,0,37,qi-dao-gong-2,齐悼公,shiji-kb,0,0,38,,MED
chen-yu,陈余,shiji-kb,0,0,0,40,chen-yu-2,陈馀,shiji-kb,0,0,47,,MED
chen-ta,陈他,shiji-kb,0,0,0,22,chen-li-gong-2,陈厉公,shiji-kb,0,0,36,,MED
tian-wan,田完,shiji-kb,0,0,0,23,chenwan,陈完,json,9,1,,,HIGH
chen-cheng-xiang,陈丞相,shiji-kb,0,0,0,20,chen-ping,陈平,shiji-kb,0,0,52,,MED
chen-sheng-2,陈胜,shiji-kb,0,0,0,46,chen-she,陈涉,shiji-kb,0,0,46,,MED
shi-hui,士会,shiji-kb,0,0,0,22,sui-hui,随会,shiji-kb,0,0,40,,MED
zi-hou,子侯,shiji-kb,0,0,0,26,huo-shan,霍嬗,shiji-kb,0,0,38,,MED
chu-wang-han-xin,楚王韩信,shiji-kb,0,0,0,24,author_25302,韩信,json,1,1,,,HIGH
wang-sun,王孙,shiji-kb,0,0,0,20,han-yan-2,韩嫣,shiji-kb,0,0,46,,MED
han-wang-an,韩王安,shiji-kb,0,0,0,27,han-an,韩安,shiji-kb,0,0,32,,MED
zhang-ru,长孺,shiji-kb,0,0,0,23,han-an-guo,韩安国,shiji-kb,0,0,47,,MED
han-zhang-ru,韩长孺,shiji-kb,0,0,0,24,han-an-guo,韩安国,shiji-kb,0,0,47,,MED
han-cheng,韩成,shiji-kb,0,0,0,34,han-wang-cheng,韩王成,shiji-kb,0,0,46,,MED
lu-gong,鲁公,shiji-kb,0,0,0,25,xiangyu,项羽,json,1,1,,,HIGH
yan-lu,颜路,shiji-kb,0,0,0,22,yan-wu-yao,颜无繇,shiji-kb,0,0,32,,MED
huan-dou,讙兜,shiji-kb,0,0,0,23,huan-dou-2,驩兜,shiji-kb,0,0,30,,MED
qu-mi,渠弥,shiji-kb,0,0,0,20,gao-qu-mi,高渠弥,shiji-kb,0,0,35,,MED
wang-sun,王孙,shiji-kb,0,0,0,20,wei-qi-hou,魏其侯,shiji-kb,0,0,40,,MED
wei-ya,魏厓,shiji-kb,0,0,0,25,wei-ran,魏冉,shiji-kb,0,0,47,,MED
wei-chi-2,魏遫,shiji-kb,0,0,0,20,wei-ai-wang,魏哀王,shiji-kb,0,0,35,,MED
wei-an-li-wang,魏安厘王,shiji-kb,0,0,0,19,wei-an-li-wang-2,魏安釐王,shiji-kb,0,0,46,,MED
lu-yuan-tai-hou,鲁元太后,shiji-kb,0,0,0,21,lu-yuan-gong-zhu,鲁元公主,shiji-kb,0,0,45,,MED
lu-huan-gong-yun,鲁桓公允,shiji-kb,0,0,0,25,lu-huan-gong,鲁桓公,shiji-kb,0,0,46,,MED
shen-gong,申公,shiji-kb,0,0,0,28,lu-shen-gong,鲁申公,shiji-kb,0,0,35,,MED
shen-pei-gong,申培公,shiji-kb,0,0,0,22,lu-shen-gong,鲁申公,shiji-kb,0,0,35,,MED
bao-zi,鲍子,shiji-kb,0,0,0,23,bao-shu-ya,鲍叔牙,shiji-kb,0,0,44,,MED
tian-yin-qi,田因齐,shiji-kb,0,0,0,22,qi-wei-wang,齐威王,shiji-kb,0,0,47,,MED
tian-di,田地,shiji-kb,0,0,0,22,qi-min-wang,齐湣王,shiji-kb,0,0,47,,MED
qi-hou,齐侯,shiji-kb,0,0,0,31,qi-xiang-gong,齐襄公,shiji-kb,0,0,47,,MED
zhu-er,诸儿,shiji-kb,0,0,0,19,qi-xiang-gong,齐襄公,shiji-kb,0,0,47,,MED
wu-ye,无野,shiji-kb,0,0,0,22,qi-qing-gong,齐顷公,shiji-kb,0,0,43,,MED
huai-nan-wang---mou-fan-zi-sha---wu-shi,（淮南王，谋反自杀，无谥）,shiji-kb,0,0,0,26,liu-an,刘安,shiji-kb,0,0,45,,MED
qi-wang---zao-zu-wu-shi,（齐王，早卒无谥）,shiji-kb,0,0,0,22,liu-hong,刘闳,shiji-kb,0,0,36,,MED
