table,orphan_id
figure_events,song-lian
figure_events,zhu-xi
figure_relations,ruanxian
figure_relations,shantao
figure_relations,xiangxiu
figure_works,cao-xueqin
figure_works,du-fu
figure_works,gukaizhi
figure_works,guoshoujing
figure_works,kongzi
figure_works,li-bai
figure_works,li-qingzhao
figure_works,lizhizhen
figure_works,sima-guang
figure_works,su-shi
figure_works,wangyangming
figure_works,xuxiake
figure_works,zhuangzi
k12_exam_points,
shiji_event_figures,li-shang-2
shiji_event_figures,yingzheng
