dup_label,canon_label
万石,石奋
不韦,吕不韦
临江闵王,临江王
丹朱,丹硃
义帝,楚怀王（义帝）
二世皇帝,胡亥
今上,汉武帝
介子推,介之推
仪,张仪
仲由,子路
任少卿,任安
伊即靬,伊即轩
伯,晋昭侯
伯夷,伯夷叔齐
伯牛,厓伯牛
伯益,益
何,萧何
何,赵惠文王
侯生,侯嬴
信,韩信
信平君,廉颇
信陵君,魏无忌
僖负羁,釐负羁
僚,姬僚
允,鲁桓公
克,里克
公仪子,公仪休
公叔座,公叔痤
公叔痤,公叔座
公子,信陵君
公子光,吴王阖闾
公子围,楚灵王
公子弃疾,楚平王
公子悝,泾阳君
公季,季历
公西赤,公西华
兴居,刘兴居
兹甫,宋襄公
冒顿,冒顿单于
冒顿单于,冒顿
冯王孙,冯遂
刘买,梁共王
刘交,楚元王
刘友,赵幽王
刘嘉,燕康王
刘安,（淮南王，谋反自杀，无谥）
刘寄,胶东康王
刘彭祖,赵王（赵敬肃王）
刘志,济北王刘志
刘恢,城阳戴王
刘戊,楚王刘戊
刘敬,娄敬
刘旦,（燕王，谋反自杀，无谥）
刘武,梁孝王
刘濞,吴王刘濞
刘濞,吴王濞
刘章,城阳惠王
刘端,胶西于王
刘肥,齐悼惠王
刘胥,（广陵王，祝诅自杀，无谥）
刘舜,常山宪王
刘荣,临江王
刘襄,梁平王
刘迁,淮南太子迁
刘遂,赵王刘遂
刘长,淮南厉王
刘闳,（齐王，早卒无谥）
勾践,姒句践
勾践,越王句践
卓文君,文君
卓氏,卓王孙
南越文王,赵胡
南越明王,婴齐
南越武帝,赵佗
卜商,子夏
卜子夏,卜商
卫将军,卫青
卫庄公,姬蒯聩
卫庄公,蒉聩
卫庄公,蒯聩
卫满,朝鲜王卫满
卫皇后,卫子夫
卬,胶西王刘卬
卿,公孙卿
厉,晋厉公
厉,郑厉公
厉王胡,周厉王
厓耕,厓伯牛
厓雍,仲弓
参,尼谿参
友,赵幽王
叔,范睢
叔齐,伯夷叔齐
古公,周太王
古公亶父,周太王
召公,召公奭
召公,燕召公
召公奭,召公
召公奭,燕召公
召康公,召公奭
右渠,朝鲜王右渠
司城子罕,子罕
司马长卿,司马相如
吉,王吉
吕尚,太公望
启,夏后帝启
吴叔,吴广
吴王僚,姬僚
吴王濞,吴王刘濞
吴芮,衡山王
周公,周定公
周公,姬旦
周吕侯,吕泽
周子,周昌
周平王,东周平王
周幽王,西周幽王
周釐王,东周釐王
周阳侯,田胜
咎犯,狐偃
唐昧,唐眛
商臣,楚穆王
嘉,申屠嘉
嚭,伯嚭
囊瓦,子常
回,颜回
城阳景王,刘章
墨翟,墨子
士会,随会
壮,郑当时
多同,夜郎侯（夜郎王）
大,栾大
大夫种,文种
太上皇,刘太公
太伯,吴太伯
太公望,吕尚
太史公,司马谈
太史公,司马迁
太后,吕雉
太子丹,燕太子丹
太子伋,卫太子伋
太王,周太王
头曼,匈奴单于头曼
夷皋,晋灵公
姬昌,周文王
姬阖庐,吴王阖闾
娄敬,刘敬
婴齐,南越明王
嬴政,秦始皇
子亹,郑子亹
子侯,霍嬗
子兰,郑缪公
子华,公西华
子圉,晋怀公
子夏,卜商
子夫,卫子夫
子婴,秦子婴
子容,南宫括
子常,囊瓦
子开,漆彫开
子思,原宪
子我,宰予
子房,张良
子有,冉求
子木,商瞿
子楚,秦庄襄王
子犯,狐偃
子羽,澹台灭明
子舆,曾参
子西,令尹子西
子贱,宓不齐
子路,仲由
子长,公冶长
子长,司马迁
子馀,赵衰
子骞,闵子骞
子鱼,目夷
孔甲,帝孔甲
孙文子,孙林父
孝宣,汉宣帝
孝昭,汉昭帝
孝景皇帝,汉景帝
孝武,汉武帝
孝武帝,汉武帝
孟尝,孟尝君
孟尝君,田文
孟明,孟明视
季次,公皙哀
宁越,甯越
安国君,秦孝文王
安阳君,公子章
完,陈完
定,鲁定公
定国,刘定国
宣,齐宣王
宣帝,汉宣帝
宰我,宰予
寤生,郑庄公
寿曼,晋厉公
寿梦,吴王寿梦
尉他,赵佗
尉佗,赵佗
小白,齐桓公
少君,李少君
少君,窦广国
少翁,文成
屈匄,屈丐
布,栾布
帝喾,帝俈
帝太后,赵姬
帝武丁,武丁
帝纣,商纣王
帝舜,刘舜
帝舜,舜
帝颛顼,颛顼
带,叔带
平,晋孝侯
平,燕昭王
平,陈平
平原君,朱建
平原君,赵胜
平阳公主,平阳主
庄伯,曲沃庄伯
庄蹻,滇王
庆,宋义
庆,石庆
应侯,范睢
应侯,范雎
康,周康王
康叔,卫康叔
延年,李延年
延陵季子,季札
建,苏建
异,颜异
弃疾,楚平王
弘,公孙弘
弘羊,桑弘羊
张仓,张苍
张叔,张欧
张王,张敖
徐市,徐福
微子,宋微子
德侯,刘广
忽,郑昭公
恭太子,申生
惠,晋惠公
戊,王戊
成季,季友
成季,赵衰
成师,桓叔
成汤,商汤
戚姬,戚夫人
文成侯,张良
文成将军,文成
无诸,闽越王
无野,齐顷公
旦,周公
春申君,黄歇
晋怀公,公子圉
晏平仲,晏婴
景,晋景公
智伯,荀瑶
智伯瑶,智伯
曲沃桓叔,桓叔
曹子,曹沫
曹相国,曹参
曾子,曾参
服人,晋成侯
朱亥,硃亥
李克,李悝
李将军,李广
条侯,周亚夫
枚生,枚乘
柏翳,益
栾公,栾布
栾大,五利
梁孝王,刘武
楚怀王,义帝
楚王韩信,韩信
樗里疾,樗里子
樗里疾,秦樗里疾
横,楚顷襄王
横,田横
武安侯,田蚡
武臣,赵王
汉高祖,刘邦
江都易王,江都王刘非
江都王,江都王刘非
沈诸梁,叶公
河间献王,河闲献王
济北王,济北王刘志
济南王,济南王刘辟光
浑邪,浑邪王
浞野侯,赵破奴
海西侯,李广利
淮南厉王,刘长
淮南王,刘安
淮南王,英布
渠弥,高渠弥
湣,晋小子侯
潘崇,楚潘崇
濞,刘濞
灌将军,灌婴
炎帝,神农
熊霜,楚熊霜
燕召公,召公
燕太子,太子丹
燕王哙,姬哙
燕王旦,刘旦
犬子,司马相如
王太后,王娡
王孙,韩嫣
王孙,魏其侯
王庆忌,庆忌
王赧,东周赧王
王迁,赵王迁
甫假,傅瑕
田光先生,田光
田因齐,齐威王
田地,齐湣王
田完,陈完
田成子,田常
田文,孟尝君
田荣,王
申公,鲁申公
申培公,鲁申公
申子,申不害
留侯,张良
白公胜,白公
百里傒,百里奚
盖侯,王信
瞽瞍,瞽叟
知伯,荀瑶
石父,虢石父
石父,越石父
硃买臣,朱买臣
硃亥,朱亥
硃家,朱家
福,晋厉侯
秦惠文王,秦惠王
秦昭王,秦昭襄王
秦昭襄王,秦昭王
秦王,秦始皇
秦王,秦惠王
秦皇帝,秦始皇
秦穆公,秦缪公
秦缪公,秦穆公
穰侯,魏冉
穰苴,司马穰苴
突,郑厉公
窋,曹窋
窦姬,窦太后
窦婴,魏其侯
窦氏,窦太后
章,楚惠王
章,赵敬侯
章邯,雍王
管叔鲜,管叔
绛侯,周勃
羋戎,华阳君
羿,后羿
翟王,董翳
翳,王翳
聂翁壹,聂壹
职,燕昭王
胡亥,二世皇帝
胶东王,汉武帝
胶东王,胶东王刘雄渠
胶西王,胶西王刘卬
腾,内史腾
舜,刘舜
良,张良
英布,黥布
范睢,范雎
荀卿,荀子
荀子,荀卿
荀瑶,知伯
荣公,荣夷公
菑川王,菑川王刘贤
萧相国,萧何
董生,董仲舒
蒯聩,姬蒯聩
蔡平侯庐,蔡平侯
薄太后,薄姬
薄姬,薄太后
虞舜,刘舜
虞舜,舜
衡山王,吴芮
褒姒,襃姒
言偃,子游
讙兜,驩兜
诡诸,晋献公
诸儿,齐襄公
贞伯,卫贞伯
费王,晋穆侯
贺,公孙贺
赵何,赵惠文王
赵偃,赵悼襄王
赵宣孟,赵盾
赵幽王,刘友
赵敬肃王,刘彭祖
赵文子,赵武
赵歇,赵王歇
赵武,赵文子
赵王,赵孝成王
赵王遂,刘遂
赵王遂,赵王刘遂
赵种,赵成侯
赵籍,赵烈侯
赵胜,平原君
赵襄子,毋恤
赵迁,赵王迁
赵隐王,刘如意
辄,卫出公
迁,司马迁
通,蒯通
遂,刘遂
郄,晋鄂侯
郑庄,郑当时
郑当时,郑庄
郑袖,楚怀王郑袖
郦商,酈商
鄂侯,晋鄂侯
鄱君,吴芮
重黎,重
钟离昧,钟离眛
锺离眛,钟离眛
长,刘长
长公主,刘嫖
长卿,司马相如
长孺,汲黯
长孺,韩安国
长沙王,吴芮
闳,刘闳
闵损,闵子骞
阏伯,契
阖闾,公子光
阖闾,吴王阖闾
阿衡,伊尹
陈丞相,陈平
陈他,陈厉公
陈余,代王
陈涉,张楚楚隐王
陈涉,陈胜
陈胜,张楚楚隐王
陈胜,陈涉
陈轸,田轸
陈馀,陈余
陶硃,范蠡
青翟,庄青翟
靖王,中山靖王
靖郭君,田婴
韩王安,韩安
韩王成,韩成
韩长孺,韩安国
颛孙师,子张
颛顼,帝颛顼
颜路,颜无繇
馀善,东越王（自称武帝）
马服子,赵括
驺奭,邹奭
驺子,邹衍
驺忌,邹忌
驺衍,邹衍
骜,蒙骜
高柴,子羔
魏其侯,窦婴
魏冉,穰侯
魏厓,穰侯
魏厓,魏冉
魏安厘王,魏安釐王
魏无忌,信陵君
魏遫,魏哀王
鲁元太后,鲁元公主
鲁公,项羽
鲁桓公允,鲁桓公
鲍,妫鲍
鲍子,鲍叔牙
鳝,曲沃庄伯
黄歇,春申君
黥布,英布
齐侯,齐襄公
齐太公,太公望
齐悼公,阳生
齐悼惠王,刘肥
